Name,Account Number,Balance
Olivia Bennett,5f73f26d-101f-46f2-bc43-78b2bd052836,39739.88
Noah Smith,010a7933-68cc-4834-ad70-c32bf3efa7a1,8829.86
Emma Taylor,410de0eb-d3fc-45a3-a3aa-c67ced2ce228,8505.630000000001
Liam Johnson,eea36d8b-50b3-4f83-b6b6-e0550f9efa97,1512.83
Ava Davis,d199e77c-d7b3-42d5-b202-0ecdb941b103,6369.07
William Garcia,cbb7610e-0f32-42e3-9da9-a0aea03c7834,4406.82
Sophia Martinez,93afa3de-0c10-43af-a7c8-79fb76e5c321,3092.58
James Brown,d1cb0704-4f4b-40bc-917e-3d6c56e210ea,8743.37
Isabella Wilson,44c90ab5-4bf9-432d-91b3-07c9ccba4170,506.76
Benjamin Moore,db24fc58-e3af-4339-aa86-1a0c9bbf87d0,6830.45
Mia Clark,6affdb23-0b6c-4f43-a3f7-9af06469a7d6,3331.51
Lucas Anderson,4c9eda92-a8c1-468a-adca-3f04d87fdd44,874.75
Harper Thomas,84fff19b-1183-4239-837e-0d9aeaae8d21,9428.7
Mason Lee,4c8e3446-dec3-4104-b39e-f06c4429e075,5120.84
Amelia Young,a42435b6-5eef-4fe4-b574-34d2eb2e5815,1590.84
Elijah Hall,8ed5cef9-60ea-4cbb-90f6-3c47bf3b461f,8933.53
Ella Allen,77f3e801-7239-4fb8-977b-b6057c7b565d,2851.0
Alexander Scott,b000d0f0-2c2f-45f3-a48e-c11b582a5779,9692.74
Abigail King,c7858c00-4d14-41c1-9d8d-f8b39a296bd6,3942.19
Henry Adams,0a04a7f9-7d5b-477d-8ce0-5a09413dfccd,8583.18
Emily Nelson,6d4f5033-0b1f-4bfc-b3ab-37c0818b4d16,843.2
Jacob Carter,a48309f5-a3b3-41ed-8c74-a63b460d5b43,9250.0
Lily Perez,312e5c39-0fc6-4e5a-b9f3-4dbec3f44279,4505.63
Michael Miller,ba4f331d-6c48-41a4-828d-b34b516d1b17,6369.07
Charlotte Rodriguez,f8d9706a-4af7-4166-8ae3-a00302127403,5675.44
Daniel Martinez,a2c97913-f367-47c3-ac1e-f1458cdedf93,2762.97
Grace Lopez,238ec034-b747-44de-923c-5bc6c20ddcb7,3187.32
Samuel Gonzalez,5b2b766a-d2d1-4bb6-8ea9-3e7b199bbb84,5263.3
Chloe Perez,6cc9f54a-e02f-4a17-a1de-0224c0d71f04,1590.84
Matthew Harris,e748e227-abbf-42d8-9c27-939d4920266e,9177.47
Lily Evans,25268893-62fa-4568-a825-6782c852a944,7971.08
Sebastian Walker,34e3e0e2-8065-41d1-ac8a-332a575c8743,7971.08
Madison Collins,f1f4659f-b21e-4b39-8368-43442a267ede,5675.44
Jackson Lewis,ba98fedc-20a0-489f-a844-ce5baccedc91,8473.78
Evelyn Hill,d49244b9-35c1-41bc-9e64-7d441ae8e779,5031.28
Levi Baker,b4976d28-6e74-47e4-b58a-921365d12671,7240.39
Scarlett King,22bcc401-b91a-4cd4-8cf0-23141521551d,9924.85
David Mitchell,3afcbad1-21c7-4d74-80a5-ba091ac2775c,5976.83
Aurora Wright,06bb5b8c-003c-4175-9248-ac3c0cd891c3,4406.82
Carter Rodriguez,00895ac1-107e-4a88-a85f-acb5480bc939,8275.39
Victoria Moore,8c7a0783-25ad-4d53-8455-359aa3b90380,8583.18
Isaac Green,04937264-d4fb-4327-9cde-6cec740a322c,5976.83
Ella Turner,86944dd4-4503-418b-b8db-d2dc4fca6f5d,1590.84
Samuel Wright,95738de8-7988-438e-8911-110625b9013b,8473.78
Aria Lee,cea56f2a-fb2a-4e49-aaf7-bb2c0d1fa440,1927.44
Gabriel Adams,1f5789d5-9c38-4393-b8c2-c207f6c9c55a,7856.67
Stella Cooper,823f52f1-184c-453b-adcd-56b300d693b6,2917.62
Julian Turner,11c14ad7-b578-43ab-bb09-77b9f8a40168,1512.83
Camila Stewart,2ff3073c-e791-4ab7-9263-ec67633f9ff5,8203.35
Anthony Parker,cffd0c6c-bca5-4dcd-8839-606ef732d6c8,576.46
Zoe Edwards,11e0bf2a-db8c-4924-b29c-35ef4bbcbd04,5120.84
Julian Foster,5e56ad92-b51e-4674-bc9a-fe68e7dc8c6c,2080.76
Nora Rivera,62556879-e8b5-479a-86d6-9370f56cb76a,2080.76
Aiden Martinez,0a223227-b045-4562-8f49-0856ad14ef7e,874.75
Peyton Morris,ea873a54-6e48-4ef2-815b-2e5982f350e9,3366.47
Miles Rogers,868a202a-b7db-44b2-90db-d78cfb1b39a7,9911.08
Grace Peterson,8f15dbf5-45b2-481e-99ed-5119b05a3304,3292.81
Ryan Carter,d4743ebb-6939-432d-974c-5fe3bd4bd699,1012.71
Lillian Bailey,3c5e21a2-34d1-4df3-b274-877dbd1ba420,8583.18
Charlie Campbell,a1636667-5694-4f7f-8a3f-fa2786d19127,576.46
Ruby Howard,8bfd7379-a7c0-4ccd-be91-337afbdc95b5,1150.2
Oliver Bennett,758ce1c2-3412-470d-806d-9181084f96b0,8156.6
Evelyn Bryant,ad959082-2324-4497-b835-10031b187cb1,1362.13
Nathan Diaz,2b0005c2-dd07-4a84-b5f1-5bc15c2984ff,6039.07
Zoey Murphy,1814fe16-e929-4a1c-9cdf-dafcab5136b3,689.86
Oliver Garcia,e87af956-f420-4ee6-b8a1-4dce5b92d11d,9911.08
Ella Reed,dca4875d-e116-4f3c-a22f-7d66ab1dce04,5990.73
Maya Campbell,a2b664a8-89de-4944-924d-b405ff11aaa3,1927.44
Harrison Jenkins,fac0b2aa-d6c8-4065-9dfa-78be0832451e,8933.53
Lily Peterson,afb76336-f15f-4553-9b60-8ee10c41e49f,9541.78
Amelia Simmons,66269e17-efa8-4825-8e28-19720881843b,8203.35
Owen Powell,ecb9ebe2-3814-4ac8-82c2-80f3ae37eb0c,576.46
Layla Sanchez,29574379-1ec7-4466-ac44-184ced7e1f98,1036.54
Dominic Coleman,25bdc853-fced-4cbe-93de-6761aad66bac,7240.39
Sarah Bryant,212a2eb0-8ca0-463c-95a5-f028b97a56e6,3518.75
Mason Howard,d26cd227-e80a-4237-8842-774779bb8243,7856.67
Natalie Fisher,7579e631-05a2-472a-a0a6-d6527c9f34f4,8275.39
Michael Sullivan,834e6c14-13aa-4866-a3ab-78e1982141a4,6369.07
Hannah Flores,f176bbd2-354f-4f00-84bd-81dd0678af53,7240.39
Isaac Bryant,a95f3b2b-2aef-478c-a759-cfebd2c3bf75,4406.82
Chloe Cook,9c98bb21-0218-458b-9107-ba6501e88b53,576.46
Thomas Simmons,33f7e4ed-d763-4e33-b187-e2c78eb428b2,1821.09
Ella Griffin,149a4833-c8fa-477a-94d9-1ed7f1def19a,874.75
Caleb White,8d9f6f39-59a6-4513-8d26-7342493f29fa,6575.89
Adeline Morris,c1b4d5f8-6510-496b-940b-a527fec5360f,5120.84
Arthur Evans,f30ea7f6-32d5-454b-816e-87c90e8a72ab,5045.84
Grace Mitchell,028d8509-f61c-4230-98e9-e12a02ea9c63,4505.63
Jack Russell,bff8aed6-0e24-4eef-9751-1aaae276e5b0,843.2
Sophia Price,aa2831c2-05a1-4a98-aca4-da8f2c7d371b,874.75
Leo Bailey,44caa18d-446a-49a8-a633-75d0e2a56c18,8275.39
Isla Harrison,4d6b5a23-2664-46c6-8751-4ed5f5f7eff0,1493.22
Leo Brooks,f8e4bebc-0d45-4982-bae5-922dc3ba32f2,2131.48
Mia Martin,56f8612e-fca0-431d-9bb9-60d35606c683,3345.4
Caleb Green,55a3d64b-eb6d-47da-a6df-c46fe0367a65,8829.86
Harper Woods,41ed1de0-342a-4382-a764-e5770e4daeea,7971.08
Emilia Scott,be8609d4-980a-44ac-85f2-7e688f301779,6369.07
Logan Carter,6b0cd5d3-2de5-4360-8647-d2ca18ec4b95,1555.1
Lily Turner,cf0fb95d-b446-45a2-adf4-d378faf177b8,8743.37
Jacob Griffin,0aaa204c-41cb-490e-b625-b15c09f3e575,291.91
